#time,velocity,error,chi2,#period,#phase,ID
0,0,0,0,0,0,1
0,211.6,15,1.293,1.006,0.8331,2
0.9227,235.5,15,1.543,1.023,0.9451,3
91.83,244.4,15,1.421,1.046,0.9827,4
92.84,304.5,15,1.421,1.058,1.105,5
60.89,326,15,1.421,1.058,1.226,6
28.96,301,15,1.421,1.058,1.349,7
86.75,301.8,15,1.725,1.058,1.366,8
87.81,256.4,15,0.7895,1.073,1.495,9
88.79,227.4,15,1.574,1.082,1.614,10
,,,1.525,1.099,,11
,,,1.598,1.099,,12
,,,1.598,1.153,,13
,,,1.527,1.153,,14
,,,1.527,1.167,,15
,,,0.7733,1.167,,16
,,,0.7733,1.182,,17
,,,0.7733,1.182,,18
,,,0.7733,1.182,,19
,,,0.7733,1.182,,20
,,,0.7733,1.182,,21
,,,1.368,1.182,,22
,,,1.109,1.186,,23
,,,1.619,1.23,,24
,,,1.619,1.251,,25
,,,1.619,1.251,,26
,,,1.776,1.251,,27
,,,1.398,1.257,,28
,,,1.398,1.283,,29
,,,1.398,1.283,,30
,,,1.398,1.283,,31
,,,1.398,1.283,,32
,,,1.398,1.283,,33
,,,1.641,1.283,,34
,,,1.643,1.341,,35
,,,1.546,1.349,,36
,,,1.369,1.372,,37
,,,1.356,1.373,,38
,,,1.356,1.373,,39
,,,1.356,1.373,,40
,,,1.356,1.373,,41
,,,1.504,1.373,,42
,,,1.557,1.375,,43
,,,1.614,1.375,,44
,,,1.115,1.394,,45
,,,1.575,1.439,,46
,,,1.575,1.454,,47
,,,1.575,1.454,,48
,,,1.575,1.454,,49
,,,1.575,1.454,,50
,,,1.575,1.454,,51
,,,1.575,1.454,,52
,,,1.575,1.454,,53
,,,1.564,1.454,,54
,,,1.806,1.462,,55
,,,1.446,1.5,,56
,,,1.446,1.528,,57
,,,1.695,1.528,,58
,,,1.755,1.541,,59
,,,0.8198,1.547,,60
,,,0.8198,1.595,,61
,,,0.8198,1.595,,62
,,,1.1,1.595,,63
,,,1.102,1.596,,64
,,,1.103,1.596,,65
,,,1.638,1.597,,66
,,,1.699,1.6,,67
,,,1.688,1.641,,68
,,,1.688,1.65,,69
,,,1.385,1.65,,70
,,,1.385,1.684,,71
,,,1.385,1.684,,72
,,,1.385,1.684,,73
,,,1.385,1.684,,74
,,,1.441,1.684,,75
,,,1.639,1.686,,76
,,,1.677,1.7,,77
,,,1.589,1.7,,78
,,,1.589,1.774,,79
,,,1.589,1.774,,80
,,,1.589,1.774,,81
,,,1.596,1.774,,82
,,,1.589,1.774,,83
,,,1.589,1.774,,84
,,,1.61,1.774,,85
,,,1.617,1.777,,86
,,,1.732,1.778,,87
,,,1.732,1.798,,88
,,,1.598,1.798,,89
,,,1.598,1.872,,90
,,,1.598,1.872,,91
,,,1.598,1.872,,92
,,,1.598,1.872,,93
,,,1.541,1.872,,94
,,,1.541,1.887,,95
,,,1.541,1.887,,96
,,,1.541,1.887,,97
,,,1.556,1.887,,98
,,,1.559,1.889,,99
,,,1.757,1.889,,100
,,,1.512,1.955,,101
,,,1.512,1.978,,102
,,,1.512,1.978,,103
,,,1.512,1.978,,104
,,,1.512,1.978,,105
,,,1.512,1.978,,106
,,,1.512,1.978,,107
,,,1.474,1.978,,108
,,,1.473,1.997,,109
,,,1.781,1.997,,110
,,,1.722,1.998,,111
,,,1.751,2.041,,112
,,,1.754,2.056,,113
,,,1.684,2.059,,114
,,,1.684,2.067,,115
,,,1.684,2.067,,116
,,,1.684,2.067,,117
,,,1.684,2.067,,118
,,,1.684,2.067,,119
,,,1.729,2.067,,120
,,,1.728,2.091,,121
,,,1.356,2.093,,122
,,,1.356,2.118,,123
,,,1.356,2.118,,124
,,,1.356,2.118,,125
,,,1.356,2.118,,126
,,,1.356,2.118,,127
,,,1.733,2.118,,128
,,,1.685,2.145,,129
,,,1.686,2.145,,130
,,,1.744,2.145,,131
,,,1.74,2.177,,132
,,,1.745,2.177,,133
,,,1.492,2.246,,134
,,,1.492,2.284,,135
,,,1.492,2.284,,136
,,,1.492,2.284,,137
,,,1.492,2.284,,138
,,,1.492,2.284,,139
,,,1.492,2.284,,140
,,,1.492,2.284,,141
,,,1.492,2.284,,142
,,,1.492,2.284,,143
,,,1.724,2.284,,144
,,,1.724,2.348,,145
,,,1.724,2.349,,146
,,,1.724,2.349,,147
,,,1.724,2.349,,148
,,,1.724,2.349,,149
,,,1.725,2.349,,150
,,,1.725,2.349,,151
,,,1.713,2.35,,152
,,,1.711,2.39,,153
,,,1.711,2.393,,154
,,,1.506,2.393,,155
,,,1.506,2.454,,156
,,,1.506,2.454,,157
,,,1.506,2.454,,158
,,,1.506,2.454,,159
,,,1.506,2.454,,160
,,,1.506,2.454,,161
,,,1.506,2.454,,162
,,,1.506,2.454,,163
,,,1.506,2.454,,164
,,,1.506,2.454,,165
,,,1.687,2.454,,166
,,,1.687,2.526,,167
,,,1.687,2.526,,168
,,,1.687,2.527,,169
,,,1.687,2.527,,170
,,,1.752,2.527,,171
,,,1.56,2.549,,172
,,,1.56,2.596,,173
,,,1.56,2.596,,174
,,,1.56,2.596,,175
,,,1.566,2.596,,176
,,,1.555,2.6,,177
,,,0.8595,2.626,,178
,,,0.8595,2.669,,179
,,,0.8595,2.669,,180
,,,0.8595,2.669,,181
,,,0.8595,2.669,,182
,,,0.8595,2.669,,183
,,,0.8595,2.669,,184
,,,0.8595,2.669,,185
,,,0.8595,2.669,,186
,,,0.8595,2.669,,187
,,,1.579,2.669,,188
,,,1.579,2.757,,189
,,,1.579,2.757,,190
,,,1.579,2.757,,191
,,,1.579,2.757,,192
,,,1.579,2.757,,193
,,,1.579,2.757,,194
,,,1.579,2.757,,195
,,,1.579,2.757,,196
,,,1.579,2.757,,197
,,,1.579,2.757,,198
,,,1.433,2.757,,199
,,,1.433,2.845,,200
,,,1.433,2.845,,201
,,,1.433,2.845,,202
,,,1.433,2.845,,203
,,,1.433,2.845,,204
,,,1.433,2.845,,205
,,,1.433,2.845,,206
,,,1.433,2.845,,207
,,,1.514,2.845,,208
,,,1.579,2.874,,209
,,,0.8796,2.9,,210
,,,0.8796,2.935,,211
,,,0.8796,2.935,,212
,,,0.8796,2.935,,213
,,,0.8796,2.935,,214
,,,0.8796,2.935,,215
,,,0.8796,2.935,,216
,,,0.8796,2.935,,217
,,,0.8796,2.935,,218
,,,0.8796,2.935,,219
,,,0.8796,2.935,,220
,,,1.504,2.935,,221
,,,1.504,3.042,,222
,,,1.504,3.042,,223
,,,1.504,3.042,,224
,,,1.504,3.042,,225
,,,1.504,3.042,,226
,,,1.504,3.042,,227
,,,1.504,3.042,,228
,,,1.504,3.042,,229
,,,1.504,3.042,,230
,,,1.504,3.042,,231
,,,1.418,3.042,,232
,,,1.418,3.147,,233
,,,1.418,3.147,,234
,,,1.418,3.147,,235
,,,1.418,3.147,,236
,,,1.418,3.147,,237
,,,1.418,3.147,,238
,,,1.418,3.147,,239
,,,1.418,3.147,,240
,,,1.418,3.147,,241
,,,1.574,3.147,,242
,,,1.014,3.18,,243
,,,1.014,3.261,,244
,,,1.014,3.261,,245
,,,1.014,3.261,,246
,,,1.014,3.261,,247
,,,1.014,3.261,,248
,,,1.014,3.261,,249
,,,1.014,3.261,,250
,,,1.014,3.261,,251
,,,1.014,3.261,,252
,,,1.014,3.261,,253
,,,1.472,3.261,,254
,,,1.472,3.389,,255
,,,1.472,3.389,,256
,,,1.472,3.389,,257
,,,1.472,3.389,,258
,,,1.472,3.389,,259
,,,1.472,3.389,,260
,,,1.472,3.389,,261
,,,1.472,3.389,,262
,,,1.472,3.389,,263
,,,1.472,3.389,,264
,,,1.507,3.389,,265
,,,1.541,3.4,,266
,,,1.531,3.5,,267
,,,1.53,3.5,,268
,,,1.53,3.5,,269
,,,1.53,3.5,,270
,,,1.53,3.5,,271
,,,1.53,3.5,,272
,,,1.53,3.5,,273
,,,1.53,3.5,,274
,,,1.541,3.5,,275
,,,1.445,3.5,,276
,,,1.445,3.519,,277
,,,1.445,3.519,,278
,,,1.445,3.519,,279
,,,1.445,3.519,,280
,,,1.445,3.519,,281
,,,1.445,3.519,,282
,,,1.656,3.519,,283
,,,1.656,3.556,,284
,,,1.667,3.557,,285
,,,1.68,3.6,,286
,,,1.255,3.6,,287
,,,1.255,3.659,,288
,,,1.255,3.659,,289
,,,1.255,3.659,,290
,,,1.255,3.659,,291
,,,1.255,3.659,,292
,,,1.255,3.659,,293
,,,1.255,3.659,,294
,,,1.255,3.659,,295
,,,1.255,3.659,,296
,,,1.255,3.659,,297
,,,1.606,3.659,,298
,,,1.592,3.7,,299
,,,1.597,3.8,,300
,,,1.592,3.8,,301
,,,1.593,3.8,,302
,,,1.592,3.8,,303
,,,1.592,3.8,,304
,,,1.594,3.8,,305
,,,1.592,3.8,,306
,,,1.592,3.8,,307
,,,1.592,3.8,,308
,,,1.534,3.8,,309
,,,1.534,3.821,,310
,,,1.534,3.821,,311
,,,1.534,3.821,,312
,,,1.534,3.821,,313
,,,1.534,3.821,,314
,,,1.534,3.821,,315
,,,1.534,3.821,,316
,,,1.534,3.821,,317
,,,1.534,3.821,,318
,,,1.534,3.821,,319
,,,1.541,3.821,,320
,,,1.541,3.988,,321
,,,1.541,3.989,,322
,,,1.541,3.989,,323
,,,1.541,3.989,,324
,,,1.541,3.989,,325
,,,1.541,3.989,,326
,,,1.541,3.989,,327
,,,1.541,3.989,,328
,,,1.541,3.989,,329
,,,1.541,3.989,,330
,,,1.567,3.989,,331
,,,1.567,4,,332
,,,1.569,4,,333
,,,1.567,4,,334
,,,1.819,4,,335
,,,1.756,4,,336
,,,1.745,4.033,,337
,,,1.732,4.095,,338
,,,1.731,4.1,,339
,,,1.732,4.1,,340
,,,1.735,4.1,,341
,,,1.507,4.1,,342
,,,1.507,4.172,,343
,,,1.507,4.172,,344
,,,1.507,4.172,,345
,,,1.507,4.172,,346
,,,1.507,4.172,,347
,,,1.507,4.172,,348
,,,1.507,4.172,,349
,,,1.507,4.172,,350
,,,1.507,4.172,,351
,,,1.507,4.172,,352
,,,1.571,4.172,,353
,,,1.57,4.2,,354
,,,1.572,4.2,,355
,,,1.57,4.2,,356
,,,1.579,4.2,,357
,,,1.581,4.2,,358
,,,1.571,4.2,,359
,,,1.57,4.2,,360
,,,1.572,4.2,,361
,,,1.571,4.2,,362
,,,1.824,4.2,,363
,,,1.603,4.3,,364
,,,1.604,4.4,,365
,,,1.603,4.4,,366
,,,1.603,4.4,,367
,,,1.603,4.4,,368
,,,1.603,4.4,,369
,,,1.603,4.4,,370
,,,1.603,4.4,,371
,,,1.603,4.4,,372
,,,1.603,4.4,,373
,,,1.603,4.4,,374
,,,1.498,4.4,,375
,,,1.498,4.491,,376
,,,1.498,4.491,,377
,,,1.498,4.491,,378
,,,1.498,4.491,,379
,,,1.498,4.491,,380
,,,1.498,4.491,,381
,,,1.498,4.491,,382
,,,1.498,4.491,,383
,,,1.498,4.491,,384
,,,1.498,4.492,,385
,,,1.529,4.492,,386
,,,1.5,4.5,,387
,,,1.5,4.5,,388
,,,1.5,4.5,,389
,,,1.5,4.5,,390
,,,1.5,4.5,,391
,,,1.5,4.5,,392
,,,1.687,4.5,,393
,,,1.713,4.562,,394
,,,1.713,4.6,,395
,,,1.713,4.6,,396
,,,1.712,4.6,,397
,,,1.712,4.606,,398
,,,1.712,4.606,,399
,,,1.712,4.606,,400
,,,1.712,4.606,,401
,,,1.712,4.606,,402
,,,1.712,4.606,,403
,,,1.712,4.606,,404
,,,1.712,4.606,,405
,,,1.749,4.606,,406
,,,1.761,4.665,,407
,,,1.761,4.7,,408
,,,1.754,4.715,,409
,,,1.754,4.728,,410
,,,1.754,4.729,,411
,,,1.754,4.729,,412
,,,1.754,4.73,,413
,,,1.765,4.73,,414
,,,1.757,4.741,,415
,,,1.738,4.748,,416
,,,1.739,4.8,,417
,,,1.749,4.8,,418
,,,1.621,4.8,,419
,,,1.621,4.9,,420
,,,1.621,4.9,,421
,,,1.621,4.9,,422
,,,1.621,4.9,,423
,,,1.621,4.9,,424
,,,1.621,4.9,,425
,,,1.621,4.9,,426
,,,1.621,4.9,,427
,,,1.621,4.9,,428
,,,1.621,4.9,,429
,,,1.619,4.9,,430
,,,1.619,4.915,,431
,,,1.619,4.915,,432
,,,1.619,4.916,,433
,,,1.619,4.916,,434
,,,1.619,4.916,,435
,,,1.619,4.916,,436
,,,1.619,4.916,,437
,,,1.619,4.916,,438
,,,1.619,4.916,,439
,,,1.619,4.916,,440
,,,1.675,4.916,,441
,,,1.675,5,,442
,,,1.676,5,,443
,,,1.786,5,,444
,,,1.725,5.02,,445
,,,1.725,5.1,,446
,,,1.726,5.1,,447
,,,1.728,5.1,,448
,,,1.725,5.1,,449
,,,1.725,5.1,,450
,,,1.725,5.1,,451
,,,1.435,5.1,,452
,,,1.435,5.2,,453
,,,1.435,5.2,,454
,,,1.435,5.2,,455
,,,1.435,5.2,,456
,,,1.435,5.2,,457
,,,1.435,5.2,,458
,,,1.435,5.2,,459
,,,1.435,5.2,,460
,,,1.436,5.2,,461
,,,1.435,5.2,,462
,,,1.187,5.2,,463
,,,1.187,5.3,,464
,,,1.187,5.3,,465
,,,1.187,5.3,,466
,,,1.187,5.3,,467
,,,1.187,5.3,,468
,,,1.187,5.3,,469
,,,1.187,5.3,,470
,,,1.187,5.3,,471
,,,1.187,5.3,,472
,,,1.187,5.3,,473
,,,1.18,5.3,,474
,,,1.18,5.314,,475
,,,1.18,5.314,,476
,,,1.18,5.314,,477
,,,1.18,5.314,,478
,,,1.18,5.314,,479
,,,1.18,5.315,,480
,,,1.18,5.315,,481
,,,1.18,5.315,,482
,,,1.18,5.315,,483
,,,1.84,5.315,,484
,,,1.768,5.33,,485
,,,1.77,5.468,,486
,,,1.745,5.476,,487
,,,1.742,5.497,,488
,,,1.742,5.5,,489
,,,1.742,5.5,,490
,,,1.744,5.5,,491
,,,1.742,5.5,,492
,,,1.742,5.5,,493
,,,1.742,5.5,,494
,,,1.742,5.5,,495
,,,1.66,5.5,,496
,,,1.66,5.6,,497
,,,1.659,5.6,,498
,,,1.659,5.6,,499
,,,1.659,5.6,,500
,,,1.659,5.6,,501
,,,1.659,5.6,,502
,,,1.659,5.6,,503
,,,1.659,5.6,,504
,,,1.659,5.6,,505
,,,1.659,5.6,,506
,,,1.657,5.6,,507
,,,1.657,5.616,,508
,,,1.657,5.616,,509
,,,1.657,5.616,,510
,,,1.657,5.616,,511
,,,1.657,5.616,,512
,,,1.657,5.617,,513
,,,1.657,5.617,,514
,,,1.657,5.617,,515
,,,1.658,5.618,,516
,,,1.815,5.62,,517
,,,1.701,5.643,,518
,,,1.701,5.8,,519
,,,1.701,5.8,,520
,,,1.701,5.8,,521
,,,1.703,5.8,,522
,,,1.711,5.8,,523
,,,1.701,5.8,,524
,,,1.702,5.8,,525
,,,1.701,5.8,,526
,,,1.701,5.8,,527
,,,1.701,5.8,,528
,,,1.607,5.8,,529
,,,1.607,5.9,,530
,,,1.607,5.9,,531
,,,1.607,5.9,,532
,,,1.607,5.9,,533
,,,1.607,5.9,,534
,,,1.607,5.9,,535
,,,1.607,5.9,,536
,,,1.607,5.9,,537
,,,1.607,5.9,,538
,,,1.607,5.9,,539
,,,1.6,5.9,,540
,,,1.6,5.932,,541
,,,1.6,5.932,,542
,,,1.6,5.932,,543
,,,1.6,5.932,,544
,,,1.6,5.932,,545
,,,1.6,5.932,,546
,,,1.6,5.932,,547
,,,1.6,5.932,,548
,,,1.6,5.932,,549
,,,1.6,5.932,,550
,,,1.635,5.932,,551
,,,1.635,6,,552
,,,1.635,6,,553
,,,1.635,6,,554
,,,1.635,6,,555
,,,1.635,6,,556
,,,1.635,6,,557
,,,1.644,6,,558
,,,1.758,6,,559
,,,1.753,6.074,,560
,,,1.774,6.082,,561
,,,1.618,6.1,,562
,,,1.618,6.2,,563
,,,1.62,6.2,,564
,,,1.618,6.2,,565
,,,1.62,6.2,,566
,,,1.618,6.2,,567
,,,1.62,6.2,,568
,,,1.618,6.2,,569
,,,1.62,6.2,,570
,,,1.618,6.2,,571
,,,1.62,6.2,,572
,,,1.283,6.2,,573
,,,1.282,6.299,,574
,,,1.278,6.3,,575
,,,1.278,6.3,,576
,,,1.278,6.3,,577
,,,1.279,6.3,,578
,,,1.281,6.3,,579
,,,1.278,6.3,,580
,,,1.279,6.3,,581
,,,1.279,6.3,,582
,,,1.282,6.3,,583
,,,0.9445,6.3,,584
,,,0.9451,6.4,,585
,,,0.9445,6.4,,586
,,,0.9445,6.4,,587
,,,0.9445,6.4,,588
,,,0.9453,6.4,,589
,,,0.9445,6.4,,590
,,,0.9445,6.4,,591
,,,0.9445,6.4,,592
,,,0.9445,6.4,,593
,,,0.9445,6.4,,594
,,,0.7559,6.4,,595
,,,0.7559,6.471,,596
,,,0.7559,6.471,,597
,,,0.7559,6.471,,598
,,,0.7559,6.471,,599
,,,0.7559,6.471,,600
,,,0.7559,6.471,,601
,,,0.7559,6.471,,602
,,,0.7559,6.471,,603
,,,0.7559,6.471,,604
,,,1.593,6.471,,605
,,,0.8371,6.5,,606
,,,0.8371,6.5,,607
,,,0.8403,6.5,,608
,,,0.837,6.5,,609
,,,0.837,6.5,,610
,,,0.8371,6.5,,611
,,,0.837,6.5,,612
,,,0.8723,6.5,,613
,,,1.386,6.505,,614
,,,1.386,6.552,,615
,,,1.386,6.552,,616
,,,1.65,6.552,,617
,,,1.619,6.6,,618
,,,1.619,6.6,,619
,,,1.67,6.6,,620
,,,1.758,6.6,,621
,,,1.76,6.669,,622
,,,1.798,6.678,,623
,,,1.776,6.7,,624
,,,1.751,6.7,,625
,,,1.751,6.7,,626
,,,1.751,6.7,,627
,,,1.631,6.7,,628
,,,1.631,6.8,,629
,,,1.631,6.8,,630
,,,1.631,6.8,,631
,,,1.631,6.8,,632
,,,1.631,6.8,,633
,,,1.632,6.8,,634
,,,1.631,6.8,,635
,,,1.631,6.8,,636
,,,1.631,6.8,,637
,,,1.631,6.8,,638
,,,1.541,6.8,,639
,,,1.541,6.9,,640
,,,1.541,6.9,,641
,,,1.541,6.9,,642
,,,1.541,6.9,,643
,,,1.541,6.9,,644
,,,1.541,6.9,,645
,,,1.541,6.9,,646
,,,1.541,6.9,,647
,,,1.541,6.9,,648
,,,1.541,6.9,,649
,,,1.533,6.9,,650
,,,1.533,6.933,,651
,,,1.533,6.933,,652
,,,1.533,6.933,,653
,,,1.533,6.933,,654
,,,1.533,6.933,,655
,,,1.533,6.933,,656
,,,1.533,6.933,,657
,,,1.533,6.933,,658
,,,1.533,6.933,,659
,,,1.765,6.933,,660
,,,1.578,6.998,,661
,,,1.578,7,,662
,,,1.578,7,,663
,,,1.578,7,,664
,,,1.578,7,,665
,,,1.579,7,,666
,,,1.578,7,,667
,,,1.578,7,,668
,,,1.578,7,,669
,,,1.759,7,,670
,,,1.735,7.042,,671
,,,1.77,7.096,,672
,,,1.768,7.155,,673
,,,1.734,7.158,,674
,,,1.737,7.2,,675
,,,1.734,7.2,,676
,,,1.734,7.2,,677
,,,1.735,7.2,,678
,,,1.734,7.2,,679
,,,1.734,7.2,,680
,,,1.735,7.2,,681
,,,1.734,7.2,,682
,,,1.657,7.2,,683
,,,1.66,7.3,,684
,,,1.657,7.3,,685
,,,1.657,7.3,,686
,,,1.657,7.3,,687
,,,1.657,7.3,,688
,,,1.657,7.3,,689
,,,1.657,7.3,,690
,,,1.657,7.3,,691
,,,1.657,7.3,,692
,,,1.657,7.3,,693
,,,1.599,7.3,,694
,,,1.6,7.4,,695
,,,1.599,7.4,,696
,,,1.599,7.4,,697
,,,1.599,7.4,,698
,,,1.599,7.4,,699
,,,1.599,7.4,,700
,,,1.599,7.4,,701
,,,1.599,7.4,,702
,,,1.599,7.4,,703
,,,1.599,7.4,,704
,,,1.593,7.4,,705
,,,1.593,7.434,,706
,,,1.593,7.434,,707
,,,1.593,7.434,,708
,,,1.593,7.434,,709
,,,1.593,7.434,,710
,,,1.593,7.434,,711
,,,1.593,7.434,,712
,,,1.593,7.435,,713
,,,1.593,7.435,,714
,,,1.792,7.435,,715
,,,1.615,7.5,,716
,,,1.614,7.5,,717
,,,1.614,7.5,,718
,,,1.617,7.5,,719
,,,1.614,7.5,,720
,,,1.616,7.5,,721
,,,1.614,7.5,,722
,,,1.616,7.5,,723
,,,1.614,7.5,,724
,,,1.614,7.5,,725
,,,1.742,7.5,,726
,,,1.707,7.597,,727
,,,1.707,7.6,,728
,,,1.742,7.6,,729
,,,1.728,7.61,,730
,,,1.743,7.618,,731
,,,1.789,7.624,,732
,,,1.772,7.685,,733
,,,1.773,7.7,,734
,,,1.771,7.7,,735
,,,1.772,7.7,,736
,,,1.775,7.7,,737
,,,1.659,7.7,,738
,,,1.659,7.8,,739
,,,1.666,7.8,,740
,,,1.659,7.8,,741
,,,1.659,7.8,,742
,,,1.661,7.8,,743
,,,1.659,7.8,,744
,,,1.659,7.8,,745
,,,1.659,7.8,,746
,,,1.659,7.8,,747
,,,1.659,7.8,,748
,,,1.48,7.8,,749
,,,1.48,7.9,,750
,,,1.48,7.9,,751
,,,1.48,7.9,,752
,,,1.48,7.9,,753
,,,1.48,7.9,,754
,,,1.48,7.9,,755
,,,1.48,7.9,,756
,,,1.48,7.9,,757
,,,1.48,7.9,,758
,,,1.483,7.9,,759
,,,1.102,7.9,,760
,,,1.102,8,,761
,,,1.102,8,,762
,,,1.102,8,,763
,,,1.108,8,,764
,,,1.102,8,,765
,,,1.102,8,,766
,,,1.102,8,,767
,,,1.103,8,,768
,,,1.102,8,,769
,,,1.104,8,,770
,,,0.7952,8,,771
,,,0.7952,8.1,,772
,,,0.7952,8.1,,773
,,,0.8089,8.1,,774
,,,0.7952,8.1,,775
,,,0.7952,8.1,,776
,,,0.7953,8.1,,777
,,,0.7953,8.1,,778
,,,0.7952,8.1,,779
,,,0.7952,8.1,,780
,,,0.8016,8.1,,781
,,,0.3462,8.1,,782
,,,0.3466,8.2,,783
,,,0.3461,8.2,,784
,,,0.3462,8.2,,785
,,,0.3468,8.2,,786
,,,0.3461,8.2,,787
,,,0.3486,8.2,,788
,,,0.3612,8.2,,789
,,,1.764,8.2,,790
,,,0.3462,8.2,,791
,,,0.3461,8.2,,792
,,,0.2007,8.2,,793
,,,0.2007,8.236,,794
,,,0.2007,8.236,,795
,,,0.2007,8.236,,796
,,,0.2007,8.236,,797
,,,0.2007,8.236,,798
,,,0.2007,8.236,,799
,,,0.2007,8.236,,800
,,,0.2007,8.236,,801
,,,0.2007,8.236,,802
,,,1.647,8.236,,803
,,,0.7209,8.3,,804
,,,0.7209,8.3,,805
,,,0.7209,8.3,,806
,,,0.7235,8.3,,807
,,,0.7271,8.3,,808
,,,0.7209,8.3,,809
,,,0.721,8.3,,810
,,,0.8382,8.3,,811
,,,1.482,8.3,,812
,,,1.475,8.358,,813
,,,1.475,8.37,,814
,,,1.523,8.37,,815
,,,1.503,8.4,,816
,,,1.502,8.4,,817
,,,1.52,8.4,,818
,,,1.502,8.4,,819
,,,1.502,8.4,,820
,,,1.502,8.4,,821
,,,1.52,8.4,,822
,,,1.51,8.4,,823
,,,1.687,8.402,,824
,,,1.724,8.46,,825
,,,1.738,8.485,,826
,,,1.75,8.5,,827
,,,1.735,8.5,,828
,,,1.77,8.5,,829
,,,1.788,8.532,,830
,,,1.811,8.563,,831
,,,1.809,8.566,,832
,,,1.782,8.573,,833
,,,1.776,8.596,,834
,,,1.776,8.6,,835
,,,1.781,8.6,,836
,,,1.68,8.6,,837
,,,1.68,8.7,,838
,,,1.684,8.7,,839
,,,1.68,8.7,,840
,,,1.68,8.7,,841
,,,1.68,8.7,,842
,,,1.68,8.7,,843
,,,1.68,8.7,,844
,,,1.682,8.7,,845
,,,1.68,8.7,,846
,,,1.68,8.7,,847
,,,1.538,8.7,,848
,,,1.538,8.8,,849
,,,1.538,8.8,,850
,,,1.538,8.8,,851
,,,1.539,8.8,,852
,,,1.538,8.8,,853
,,,1.538,8.8,,854
,,,1.538,8.8,,855
,,,1.538,8.8,,856
,,,1.538,8.8,,857
,,,1.538,8.8,,858
,,,1.371,8.8,,859
,,,1.37,8.9,,860
,,,1.37,8.9,,861
,,,1.37,8.9,,862
,,,1.37,8.9,,863
,,,1.37,8.9,,864
,,,1.37,8.9,,865
,,,1.37,8.9,,866
,,,1.37,8.9,,867
,,,1.37,8.9,,868
,,,1.37,8.9,,869
,,,1.252,8.9,,870
,,,1.252,9,,871
,,,1.252,9,,872
,,,1.252,9,,873
,,,1.252,9,,874
,,,1.252,9,,875
,,,1.252,9,,876
,,,1.252,9,,877
,,,1.255,9,,878
,,,1.252,9,,879
,,,1.252,9,,880
,,,1.241,9,,881
,,,1.241,9.031,,882
,,,1.241,9.031,,883
,,,1.241,9.031,,884
,,,1.241,9.031,,885
,,,1.241,9.031,,886
,,,1.241,9.031,,887
,,,1.241,9.031,,888
,,,1.241,9.031,,889
,,,1.241,9.031,,890
,,,1.241,9.031,,891
,,,1.314,9.031,,892
,,,1.314,9.1,,893
,,,1.314,9.1,,894
,,,1.314,9.1,,895
,,,1.314,9.1,,896
,,,1.314,9.1,,897
,,,1.32,9.1,,898
,,,1.314,9.1,,899
,,,1.314,9.1,,900
,,,1.315,9.1,,901
,,,1.736,9.1,,902
,,,1.582,9.156,,903
,,,1.6,9.2,,904
,,,1.6,9.2,,905
,,,1.582,9.2,,906
,,,1.582,9.2,,907
,,,1.582,9.2,,908
,,,1.582,9.2,,909
,,,1.582,9.2,,910
,,,1.718,9.2,,911
,,,1.81,9.233,,912
,,,1.81,9.3,,913
,,,1.727,9.3,,914
,,,1.758,9.3,,915
,,,1.727,9.3,,916
,,,1.756,9.3,,917
,,,1.758,9.329,,918
,,,1.796,9.334,,919
,,,1.792,9.342,,920
,,,1.788,9.367,,921
,,,1.782,9.367,,922
,,,1.781,9.386,,923
,,,1.778,9.4,,924
,,,1.758,9.4,,925
,,,1.753,9.473,,926
,,,1.752,9.496,,927
,,,1.753,9.5,,928
,,,1.752,9.5,,929
,,,1.752,9.5,,930
,,,1.752,9.5,,931
,,,1.752,9.5,,932
,,,1.752,9.5,,933
,,,1.754,9.5,,934
,,,1.752,9.5,,935
,,,1.742,9.5,,936
,,,1.742,9.544,,937
,,,1.736,9.551,,938
,,,1.73,9.568,,939
,,,1.726,9.588,,940
,,,1.724,9.596,,941
,,,1.724,9.6,,942
,,,1.726,9.6,,943
,,,1.724,9.6,,944
,,,1.724,9.6,,945
,,,1.723,9.6,,946
,,,1.673,9.6,,947
,,,1.673,9.7,,948
,,,1.673,9.7,,949
,,,1.673,9.7,,950
,,,1.674,9.7,,951
,,,1.673,9.7,,952
,,,1.673,9.7,,953
,,,1.674,9.7,,954
,,,1.673,9.7,,955
,,,1.673,9.7,,956
,,,1.673,9.7,,957
,,,1.62,9.7,,958
,,,1.62,9.8,,959
,,,1.621,9.8,,960
,,,1.62,9.8,,961
,,,1.62,9.8,,962
,,,1.62,9.8,,963
,,,1.621,9.8,,964
,,,1.62,9.8,,965
,,,1.62,9.8,,966
,,,1.731,9.8,,967
,,,1.621,9.8,,968
,,,1.59,9.8,,969
,,,1.59,9.9,,970
,,,1.59,9.9,,971
,,,1.59,9.9,,972
,,,1.59,9.9,,973
,,,1.59,9.9,,974
,,,1.59,9.9,,975
,,,1.59,9.9,,976
,,,1.59,9.9,,977
,,,1.59,9.9,,978
,,,1.59,9.9,,979
,,,1.841,9.9,,980
,,,1.589,9.9,,981
,,,1.589,9.919,,982
,,,1.589,9.919,,983
,,,1.589,9.919,,984
,,,1.589,9.919,,985
,,,1.589,9.919,,986
,,,1.589,9.92,,987
,,,1.589,9.92,,988
,,,1.589,9.92,,989
,,,1.589,9.92,,990
,,,1.604,9.921,,991
,,,1.604,10,,992
,,,1.604,10,,993
,,,1.604,10,,994
,,,1.604,10,,995
,,,1.604,10,,996
,,,1.604,10,,997
,,,1.604,10,,998
,,,1.607,10,,999
,,,1.773,10,,1000
,,,1.843,10.09,,1001